2023-11-2, 17:27, 0, 0.00 mm
2023-11-2, 17:28, 0, 0.00 mm
2023-11-2, 17:29, 0, 0.00 mm
2023-11-2, 17:30, 0, 0.00 mm
2023-11-2, 17:31, 0, 0.00 mm
2023-11-2, 17:32, 0, 0.00 mm
2023-11-2, 17:33, 0, 0.00 mm
2023-11-2, 17:34, 0, 0.00 mm
2023-11-2, 17:35, 0, 0.00 mm
2023-11-2, 17:36, 0, 0.00 mm
2023-11-2, 17:37, 0, 0.00 mm
2023-11-2, 17:38, 0, 0.00 mm
2023-11-2, 17:39, 0, 0.00 mm
2023-11-2, 17:40, 0, 0.00 mm
2023-11-2, 17:41, 0, 0.00 mm
2023-11-2, 17:42, 0, 0.00 mm
2023-11-2, 17:43, 0, 0.00 mm
2023-11-2, 17:44, 0, 0.00 mm
2023-11-2, 17:45, 0, 0.00 mm
2023-11-2, 17:46, 0, 0.00 mm
2023-11-2, 17:47, 0, 0.00 mm
2023-11-2, 17:48, 1, 0.20 mm
2023-11-2, 17:49, 0, 0.00 mm
2023-11-2, 17:50, 0, 0.00 mm
2023-11-2, 17:51, 0, 0.00 mm
2023-11-2, 17:52, 0, 0.00 mm
2023-11-2, 17:53, 0, 0.00 mm
2023-11-2, 17:54, 0, 0.00 mm
2023-11-2, 17:55, 0, 0.00 mm
2023-11-2, 17:56, 0, 0.00 mm
2023-11-2, 17:57, 0, 0.00 mm
2023-11-2, 17:58, 0, 0.00 mm
2023-11-2, 17:59, 0, 0.00 mm
2023-11-2, 18:0, 0, 0.00 mm
2023-11-2, 18:1, 0, 0.00 mm
2023-11-2, 18:2, 0, 0.00 mm
2023-11-2, 18:3, 2, 0.40 mm
2023-11-2, 18:4, 1, 0.20 mm
2023-11-2, 18:5, 0, 0.00 mm
2023-11-2, 18:6, 1, 0.20 mm
2023-11-2, 18:7, 0, 0.00 mm
2023-11-2, 18:8, 0, 0.00 mm
2023-11-2, 18:9, 0, 0.00 mm
2023-11-2, 18:10, 0, 0.00 mm
2023-11-2, 18:11, 0, 0.00 mm
2023-11-2, 18:12, 0, 0.00 mm
2023-11-2, 18:13, 0, 0.00 mm
2023-11-2, 18:14, 0, 0.00 mm
2023-11-2, 18:15, 0, 0.00 mm
2023-11-2, 18:16, 0, 0.00 mm
2023-11-2, 18:17, 1, 0.20 mm
2023-11-2, 18:18, 0, 0.00 mm
2023-11-2, 18:19, 1, 0.20 mm
2023-11-2, 18:20, 1, 0.20 mm
2023-11-2, 18:21, 1, 0.20 mm
2023-11-2, 18:22, 1, 0.20 mm
2023-11-2, 18:23, 1, 0.20 mm
2023-11-2, 18:24, 0, 0.00 mm
2023-11-2, 18:25, 1, 0.20 mm
2023-11-2, 18:26, 0, 0.00 mm
2023-11-2, 18:27, 1, 0.20 mm
2023-11-2, 18:28, 0, 0.00 mm
2023-11-2, 18:29, 0, 0.00 mm
2023-11-2, 18:30, 0, 0.00 mm
2023-11-2, 18:31, 0, 0.00 mm
2023-11-2, 18:32, 0, 0.00 mm
2023-11-2, 18:33, 1, 0.20 mm
2023-11-2, 18:34, 0, 0.00 mm
2023-11-2, 18:35, 0, 0.00 mm
2023-11-2, 18:36, 0, 0.00 mm
2023-11-2, 18:37, 0, 0.00 mm
2023-11-2, 18:38, 0, 0.00 mm
2023-11-2, 18:39, 0, 0.00 mm
2023-11-2, 18:40, 0, 0.00 mm
2023-11-2, 18:41, 0, 0.00 mm
2023-11-2, 18:42, 0, 0.00 mm
2023-11-2, 18:43, 0, 0.00 mm
2023-11-2, 18:44, 0, 0.00 mm
2023-11-2, 18:45, 0, 0.00 mm
2023-11-2, 18:46, 0, 0.00 mm
2023-11-2, 18:47, 0, 0.00 mm
2023-11-2, 18:48, 0, 0.00 mm
2023-11-2, 18:49, 0, 0.00 mm
2023-11-2, 18:50, 0, 0.00 mm
2023-11-2, 18:51, 0, 0.00 mm
2023-11-2, 18:52, 0, 0.00 mm
2023-11-2, 18:53, 0, 0.00 mm
2023-11-2, 18:54, 0, 0.00 mm
2023-11-2, 18:55, 0, 0.00 mm
2023-11-2, 18:56, 0, 0.00 mm
2023-11-2, 18:57, 0, 0.00 mm
2023-11-2, 18:58, 0, 0.00 mm
2023-11-2, 18:59, 0, 0.00 mm
2023-11-2, 19:0, 0, 0.00 mm
2023-11-2, 19:1, 0, 0.00 mm
2023-11-2, 19:2, 0, 0.00 mm
2023-11-2, 19:3, 0, 0.00 mm
2023-11-2, 19:4, 0, 0.00 mm
2023-11-2, 19:5, 0, 0.00 mm
2023-11-2, 19:6, 0, 0.00 mm
2023-11-2, 19:7, 0, 0.00 mm
2023-11-2, 19:8, 0, 0.00 mm
2023-11-2, 19:9, 0, 0.00 mm
2023-11-2, 19:10, 0, 0.00 mm
2023-11-2, 19:11, 0, 0.00 mm
2023-11-2, 19:12, 0, 0.00 mm
2023-11-2, 19:13, 0, 0.00 mm
2023-11-2, 19:14, 0, 0.00 mm
2023-11-2, 19:15, 0, 0.00 mm
2023-11-2, 19:16, 0, 0.00 mm
2023-11-2, 19:17, 0, 0.00 mm
2023-11-2, 19:18, 0, 0.00 mm
2023-11-2, 19:19, 0, 0.00 mm
2023-11-2, 19:20, 0, 0.00 mm
2023-11-2, 19:21, 0, 0.00 mm
2023-11-2, 19:22, 0, 0.00 mm
2023-11-2, 19:23, 0, 0.00 mm
2023-11-2, 19:24, 0, 0.00 mm
2023-11-2, 19:25, 0, 0.00 mm
2023-11-2, 19:26, 0, 0.00 mm
2023-11-2, 19:27, 0, 0.00 mm
2023-11-2, 19:28, 0, 0.00 mm
2023-11-2, 19:29, 0, 0.00 mm
2023-11-2, 19:30, 0, 0.00 mm
2023-11-2, 19:31, 0, 0.00 mm
2023-11-2, 19:32, 0, 0.00 mm
2023-11-2, 19:33, 0, 0.00 mm
2023-11-2, 19:34, 0, 0.00 mm
2023-11-2, 19:35, 0, 0.00 mm
2023-11-2, 19:36, 0, 0.00 mm
2023-11-2, 19:37, 0, 0.00 mm
2023-11-2, 19:38, 0, 0.00 mm
2023-11-2, 19:39, 0, 0.00 mm
2023-11-2, 19:40, 0, 0.00 mm
2023-11-2, 19:41, 0, 0.00 mm
2023-11-2, 19:42, 0, 0.00 mm
2023-11-2, 19:43, 0, 0.00 mm
2023-11-2, 19:44, 0, 0.00 mm
2023-11-2, 19:45, 0, 0.00 mm
2023-11-2, 19:46, 0, 0.00 mm
2023-11-2, 19:47, 0, 0.00 mm
2023-11-2, 19:48, 0, 0.00 mm
2023-11-2, 19:49, 0, 0.00 mm
2023-11-2, 19:50, 0, 0.00 mm
2023-11-2, 19:51, 0, 0.00 mm
2023-11-2, 19:52, 0, 0.00 mm
2023-11-2, 19:53, 0, 0.00 mm
2023-11-2, 19:54, 0, 0.00 mm
2023-11-2, 19:55, 0, 0.00 mm
2023-11-2, 19:56, 0, 0.00 mm
2023-11-2, 19:57, 0, 0.00 mm
2023-11-2, 19:58, 0, 0.00 mm
2023-11-2, 19:59, 0, 0.00 mm
2023-11-2, 20:0, 0, 0.00 mm
2023-11-2, 20:1, 0, 0.00 mm
2023-11-2, 20:2, 0, 0.00 mm
2023-11-2, 20:3, 0, 0.00 mm
2023-11-2, 20:4, 0, 0.00 mm
2023-11-2, 20:5, 0, 0.00 mm
2023-11-2, 20:6, 0, 0.00 mm
2023-11-2, 20:7, 0, 0.00 mm
2023-11-2, 20:8, 0, 0.00 mm
2023-11-2, 20:9, 0, 0.00 mm
2023-11-2, 20:10, 0, 0.00 mm
2023-11-2, 20:11, 0, 0.00 mm
2023-11-2, 20:12, 0, 0.00 mm
2023-11-2, 20:13, 0, 0.00 mm
2023-11-2, 20:14, 0, 0.00 mm
2023-11-2, 20:15, 0, 0.00 mm
2023-11-2, 20:16, 0, 0.00 mm
2023-11-2, 20:17, 0, 0.00 mm
2023-11-2, 20:18, 0, 0.00 mm
2023-11-2, 20:19, 0, 0.00 mm
2023-11-2, 20:20, 0, 0.00 mm
2023-11-2, 20:21, 0, 0.00 mm
2023-11-2, 20:22, 0, 0.00 mm
2023-11-2, 20:23, 0, 0.00 mm
2023-11-2, 20:24, 0, 0.00 mm
2023-11-2, 20:25, 0, 0.00 mm
2023-11-2, 20:26, 0, 0.00 mm
2023-11-2, 20:27, 0, 0.00 mm
2023-11-2, 20:28, 0, 0.00 mm
2023-11-2, 20:29, 0, 0.00 mm
2023-11-2, 20:30, 0, 0.00 mm
2023-11-2, 20:31, 0, 0.00 mm
2023-11-2, 20:32, 0, 0.00 mm
2023-11-2, 20:33, 0, 0.00 mm
2023-11-2, 20:34, 0, 0.00 mm
2023-11-2, 20:35, 0, 0.00 mm
2023-11-2, 20:36, 0, 0.00 mm
2023-11-2, 20:37, 0, 0.00 mm
2023-11-2, 20:38, 0, 0.00 mm
2023-11-2, 20:39, 0, 0.00 mm
2023-11-2, 20:40, 0, 0.00 mm
2023-11-2, 20:41, 0, 0.00 mm
2023-11-2, 20:42, 0, 0.00 mm
2023-11-2, 20:43, 0, 0.00 mm
2023-11-2, 20:44, 0, 0.00 mm
2023-11-2, 20:45, 0, 0.00 mm
2023-11-2, 20:46, 0, 0.00 mm
2023-11-2, 20:47, 0, 0.00 mm
2023-11-2, 20:48, 0, 0.00 mm
2023-11-2, 20:49, 0, 0.00 mm
2023-11-2, 20:50, 0, 0.00 mm
2023-11-2, 20:51, 0, 0.00 mm
2023-11-2, 20:52, 0, 0.00 mm
2023-11-2, 20:53, 0, 0.00 mm
2023-11-2, 20:54, 0, 0.00 mm
2023-11-2, 20:55, 0, 0.00 mm
2023-11-2, 20:56, 0, 0.00 mm
2023-11-2, 20:57, 0, 0.00 mm
2023-11-2, 20:58, 0, 0.00 mm
2023-11-2, 20:59, 0, 0.00 mm
2023-11-2, 21:0, 0, 0.00 mm
2023-11-2, 21:1, 0, 0.00 mm
2023-11-2, 21:2, 0, 0.00 mm
2023-11-2, 21:3, 0, 0.00 mm
2023-11-2, 21:4, 0, 0.00 mm
2023-11-2, 21:5, 0, 0.00 mm
2023-11-2, 21:6, 0, 0.00 mm
2023-11-2, 21:7, 0, 0.00 mm
2023-11-2, 21:8, 0, 0.00 mm
2023-11-2, 21:9, 0, 0.00 mm
2023-11-2, 21:10, 0, 0.00 mm
2023-11-2, 21:11, 0, 0.00 mm
2023-11-2, 21:12, 0, 0.00 mm
2023-11-2, 21:13, 0, 0.00 mm
2023-11-2, 21:14, 0, 0.00 mm
2023-11-2, 21:15, 0, 0.00 mm
2023-11-2, 21:16, 0, 0.00 mm
2023-11-2, 21:17, 0, 0.00 mm
2023-11-2, 21:18, 0, 0.00 mm
2023-11-2, 21:19, 0, 0.00 mm
2023-11-2, 21:20, 0, 0.00 mm
2023-11-2, 21:21, 0, 0.00 mm
2023-11-2, 21:22, 0, 0.00 mm
2023-11-2, 21:23, 0, 0.00 mm
2023-11-2, 21:24, 0, 0.00 mm
2023-11-2, 21:25, 0, 0.00 mm
2023-11-2, 21:26, 0, 0.00 mm
2023-11-2, 21:27, 0, 0.00 mm
2023-11-2, 21:28, 0, 0.00 mm
2023-11-2, 21:29, 0, 0.00 mm
2023-11-2, 21:30, 0, 0.00 mm
2023-11-2, 21:31, 0, 0.00 mm
2023-11-2, 21:32, 0, 0.00 mm
2023-11-2, 21:33, 0, 0.00 mm
2023-11-2, 21:34, 0, 0.00 mm
2023-11-2, 21:35, 0, 0.00 mm
2023-11-2, 21:36, 0, 0.00 mm
2023-11-2, 21:37, 0, 0.00 mm
2023-11-2, 21:38, 0, 0.00 mm
2023-11-2, 21:39, 0, 0.00 mm
2023-11-2, 21:40, 0, 0.00 mm
2023-11-2, 21:41, 0, 0.00 mm
2023-11-2, 21:42, 0, 0.00 mm
2023-11-2, 21:43, 0, 0.00 mm
2023-11-2, 21:44, 0, 0.00 mm
2023-11-2, 21:45, 0, 0.00 mm
2023-11-2, 21:46, 0, 0.00 mm
2023-11-2, 21:47, 0, 0.00 mm
2023-11-2, 21:48, 0, 0.00 mm
2023-11-2, 21:49, 0, 0.00 mm
2023-11-2, 21:50, 0, 0.00 mm
2023-11-2, 21:51, 0, 0.00 mm
2023-11-2, 21:52, 0, 0.00 mm
2023-11-2, 21:53, 0, 0.00 mm
2023-11-2, 21:54, 0, 0.00 mm
2023-11-2, 21:55, 0, 0.00 mm
2023-11-2, 21:56, 0, 0.00 mm
2023-11-2, 21:57, 0, 0.00 mm
2023-11-2, 21:58, 0, 0.00 mm
2023-11-2, 21:59, 0, 0.00 mm
2023-11-2, 22:0, 0, 0.00 mm
2023-11-2, 22:1, 0, 0.00 mm
2023-11-2, 22:2, 0, 0.00 mm
2023-11-2, 22:3, 0, 0.00 mm
2023-11-2, 22:4, 0, 0.00 mm
2023-11-2, 22:5, 0, 0.00 mm
2023-11-2, 22:6, 0, 0.00 mm
2023-11-2, 22:7, 0, 0.00 mm
2023-11-2, 22:8, 0, 0.00 mm
2023-11-2, 22:9, 0, 0.00 mm
2023-11-2, 22:10, 0, 0.00 mm
2023-11-2, 22:11, 0, 0.00 mm
2023-11-2, 22:12, 0, 0.00 mm
2023-11-2, 22:13, 0, 0.00 mm
2023-11-2, 22:14, 0, 0.00 mm
2023-11-2, 22:15, 0, 0.00 mm
2023-11-2, 22:16, 0, 0.00 mm
2023-11-2, 22:17, 0, 0.00 mm
2023-11-2, 22:18, 0, 0.00 mm
2023-11-2, 22:19, 0, 0.00 mm
2023-11-2, 22:20, 0, 0.00 mm
2023-11-2, 22:21, 0, 0.00 mm
2023-11-2, 22:22, 0, 0.00 mm
2023-11-2, 22:23, 0, 0.00 mm
2023-11-2, 22:24, 0, 0.00 mm
2023-11-2, 22:25, 0, 0.00 mm
2023-11-2, 22:26, 0, 0.00 mm
2023-11-2, 22:27, 0, 0.00 mm
2023-11-2, 22:28, 0, 0.00 mm
2023-11-2, 22:29, 0, 0.00 mm
2023-11-2, 22:30, 0, 0.00 mm
2023-11-2, 22:31, 0, 0.00 mm
2023-11-2, 22:32, 0, 0.00 mm
2023-11-2, 22:33, 0, 0.00 mm
2023-11-2, 22:34, 0, 0.00 mm
2023-11-2, 22:35, 0, 0.00 mm
2023-11-2, 22:36, 0, 0.00 mm
2023-11-2, 22:37, 0, 0.00 mm
2023-11-2, 22:38, 0, 0.00 mm
2023-11-2, 22:39, 0, 0.00 mm
2023-11-2, 22:40, 0, 0.00 mm
2023-11-2, 22:41, 0, 0.00 mm
2023-11-2, 22:42, 0, 0.00 mm
2023-11-2, 22:43, 0, 0.00 mm
2023-11-2, 22:44, 0, 0.00 mm
2023-11-2, 22:45, 0, 0.00 mm
2023-11-2, 22:46, 0, 0.00 mm
2023-11-2, 22:47, 0, 0.00 mm
2023-11-2, 22:48, 0, 0.00 mm
2023-11-2, 22:49, 0, 0.00 mm
2023-11-2, 22:50, 0, 0.00 mm
2023-11-2, 22:51, 0, 0.00 mm
2023-11-2, 22:52, 0, 0.00 mm
2023-11-2, 22:53, 0, 0.00 mm
2023-11-2, 22:54, 0, 0.00 mm
2023-11-2, 22:55, 0, 0.00 mm
2023-11-2, 22:56, 0, 0.00 mm
2023-11-2, 22:57, 0, 0.00 mm
2023-11-2, 22:58, 0, 0.00 mm
2023-11-2, 22:59, 0, 0.00 mm
2023-11-2, 23:0, 0, 0.00 mm
2023-11-2, 23:1, 0, 0.00 mm
2023-11-2, 23:2, 0, 0.00 mm
2023-11-2, 23:3, 0, 0.00 mm
2023-11-2, 23:4, 0, 0.00 mm
2023-11-2, 23:5, 0, 0.00 mm
2023-11-2, 23:6, 0, 0.00 mm
2023-11-2, 23:7, 0, 0.00 mm
2023-11-2, 23:8, 0, 0.00 mm
2023-11-2, 23:9, 0, 0.00 mm
2023-11-2, 23:10, 0, 0.00 mm
2023-11-2, 23:11, 0, 0.00 mm
2023-11-2, 23:12, 0, 0.00 mm
2023-11-2, 23:13, 0, 0.00 mm
2023-11-2, 23:14, 0, 0.00 mm
2023-11-2, 23:15, 0, 0.00 mm
2023-11-2, 23:16, 0, 0.00 mm
2023-11-2, 23:17, 0, 0.00 mm
2023-11-2, 23:18, 0, 0.00 mm
2023-11-2, 23:19, 0, 0.00 mm
2023-11-2, 23:20, 0, 0.00 mm
2023-11-2, 23:21, 0, 0.00 mm
2023-11-2, 23:22, 0, 0.00 mm
2023-11-2, 23:23, 0, 0.00 mm
2023-11-2, 23:24, 0, 0.00 mm
2023-11-2, 23:25, 0, 0.00 mm
2023-11-2, 23:26, 0, 0.00 mm
2023-11-2, 23:27, 0, 0.00 mm
2023-11-2, 23:28, 0, 0.00 mm
2023-11-2, 23:29, 0, 0.00 mm
2023-11-2, 23:30, 0, 0.00 mm
2023-11-2, 23:31, 0, 0.00 mm
2023-11-2, 23:32, 0, 0.00 mm
2023-11-2, 23:33, 0, 0.00 mm
2023-11-2, 23:34, 0, 0.00 mm
2023-11-2, 23:35, 0, 0.00 mm
2023-11-2, 23:36, 0, 0.00 mm
2023-11-2, 23:37, 0, 0.00 mm
2023-11-2, 23:38, 0, 0.00 mm
2023-11-2, 23:39, 0, 0.00 mm
2023-11-2, 23:40, 0, 0.00 mm
2023-11-2, 23:41, 0, 0.00 mm
2023-11-2, 23:42, 0, 0.00 mm
2023-11-2, 23:43, 0, 0.00 mm
2023-11-2, 23:44, 0, 0.00 mm
2023-11-2, 23:45, 0, 0.00 mm
2023-11-2, 23:46, 0, 0.00 mm
2023-11-2, 23:47, 0, 0.00 mm
2023-11-2, 23:48, 0, 0.00 mm
2023-11-2, 23:49, 0, 0.00 mm
2023-11-2, 23:50, 0, 0.00 mm
2023-11-2, 23:51, 0, 0.00 mm
2023-11-2, 23:52, 0, 0.00 mm
2023-11-2, 23:53, 0, 0.00 mm
2023-11-2, 23:54, 0, 0.00 mm
2023-11-2, 23:55, 0, 0.00 mm
2023-11-2, 23:56, 0, 0.00 mm
2023-11-2, 23:57, 0, 0.00 mm
2023-11-2, 23:58, 0, 0.00 mm
2023-11-2, 23:59, 0, 0.00 mm
2023-11-3, 0:0, 0, 0.00 mm
2023-11-3, 0:1, 0, 0.00 mm
2023-11-3, 0:2, 0, 0.00 mm
2023-11-3, 0:3, 0, 0.00 mm
2023-11-3, 0:4, 0, 0.00 mm
2023-11-3, 0:5, 0, 0.00 mm
2023-11-3, 0:6, 0, 0.00 mm
2023-11-3, 0:7, 0, 0.00 mm
2023-11-3, 0:8, 0, 0.00 mm
2023-11-3, 0:9, 0, 0.00 mm
2023-11-3, 0:10, 0, 0.00 mm
2023-11-3, 0:11, 0, 0.00 mm
2023-11-3, 0:12, 0, 0.00 mm
2023-11-3, 0:13, 0, 0.00 mm
2023-11-3, 0:14, 0, 0.00 mm
2023-11-3, 0:15, 0, 0.00 mm
2023-11-3, 0:16, 0, 0.00 mm
2023-11-3, 0:17, 0, 0.00 mm
2023-11-3, 0:18, 0, 0.00 mm
2023-11-3, 0:19, 0, 0.00 mm
2023-11-3, 0:20, 0, 0.00 mm
2023-11-3, 0:21, 0, 0.00 mm
2023-11-3, 0:22, 0, 0.00 mm
2023-11-3, 0:23, 0, 0.00 mm
2023-11-3, 0:24, 0, 0.00 mm
2023-11-3, 0:25, 0, 0.00 mm
2023-11-3, 0:26, 0, 0.00 mm
2023-11-3, 0:27, 0, 0.00 mm
2023-11-3, 0:28, 0, 0.00 mm
2023-11-3, 0:29, 0, 0.00 mm
2023-11-3, 0:30, 0, 0.00 mm
2023-11-3, 0:31, 0, 0.00 mm
2023-11-3, 0:32, 0, 0.00 mm
2023-11-3, 0:33, 0, 0.00 mm
2023-11-3, 0:34, 0, 0.00 mm
2023-11-3, 0:35, 0, 0.00 mm
2023-11-3, 0:36, 0, 0.00 mm
2023-11-3, 0:37, 0, 0.00 mm
2023-11-3, 0:38, 0, 0.00 mm
2023-11-3, 0:39, 0, 0.00 mm
2023-11-3, 0:40, 0, 0.00 mm
2023-11-3, 0:41, 0, 0.00 mm
2023-11-3, 0:42, 0, 0.00 mm
2023-11-3, 0:43, 0, 0.00 mm
2023-11-3, 0:44, 0, 0.00 mm
2023-11-3, 0:45, 0, 0.00 mm
2023-11-3, 0:46, 0, 0.00 mm
2023-11-3, 0:47, 0, 0.00 mm
2023-11-3, 0:48, 0, 0.00 mm
2023-11-3, 0:49, 0, 0.00 mm
2023-11-3, 0:50, 0, 0.00 mm
2023-11-3, 0:51, 0, 0.00 mm
2023-11-3, 0:52, 0, 0.00 mm
2023-11-3, 0:53, 0, 0.00 mm
2023-11-3, 0:54, 0, 0.00 mm
2023-11-3, 0:55, 0, 0.00 mm
2023-11-3, 0:56, 0, 0.00 mm
2023-11-3, 0:57, 0, 0.00 mm
2023-11-3, 0:58, 0, 0.00 mm
2023-11-3, 0:59, 0, 0.00 mm
2023-11-3, 1:0, 0, 0.00 mm
2023-11-3, 1:1, 0, 0.00 mm
2023-11-3, 1:2, 0, 0.00 mm
2023-11-3, 1:3, 0, 0.00 mm
2023-11-3, 1:4, 0, 0.00 mm
2023-11-3, 1:5, 0, 0.00 mm
2023-11-3, 1:6, 0, 0.00 mm
2023-11-3, 1:7, 0, 0.00 mm
2023-11-3, 1:8, 0, 0.00 mm
2023-11-3, 1:9, 0, 0.00 mm
2023-11-3, 1:10, 0, 0.00 mm
2023-11-3, 1:11, 0, 0.00 mm
2023-11-3, 1:12, 0, 0.00 mm
2023-11-3, 1:13, 0, 0.00 mm
2023-11-3, 1:14, 0, 0.00 mm
2023-11-3, 1:15, 0, 0.00 mm
2023-11-3, 1:16, 0, 0.00 mm
2023-11-3, 1:17, 0, 0.00 mm
2023-11-3, 1:18, 0, 0.00 mm
2023-11-3, 1:19, 0, 0.00 mm
2023-11-3, 1:20, 0, 0.00 mm
2023-11-3, 1:21, 0, 0.00 mm
2023-11-3, 1:22, 0, 0.00 mm
2023-11-3, 1:23, 0, 0.00 mm
2023-11-3, 1:24, 0, 0.00 mm
2023-11-3, 1:25, 0, 0.00 mm
2023-11-3, 1:26, 0, 0.00 mm
2023-11-3, 1:27, 0, 0.00 mm
2023-11-3, 1:28, 0, 0.00 mm
2023-11-3, 1:29, 0, 0.00 mm
2023-11-3, 1:30, 0, 0.00 mm
2023-11-3, 1:31, 0, 0.00 mm
2023-11-3, 1:32, 0, 0.00 mm
2023-11-3, 1:33, 0, 0.00 mm
2023-11-3, 1:34, 0, 0.00 mm
2023-11-3, 1:35, 0, 0.00 mm
2023-11-3, 1:36, 0, 0.00 mm
2023-11-3, 1:37, 0, 0.00 mm
2023-11-3, 1:38, 0, 0.00 mm
2023-11-3, 1:39, 0, 0.00 mm
2023-11-3, 1:40, 0, 0.00 mm
2023-11-3, 1:41, 0, 0.00 mm
2023-11-3, 1:42, 0, 0.00 mm
2023-11-3, 1:43, 0, 0.00 mm
2023-11-3, 1:44, 0, 0.00 mm
2023-11-3, 1:45, 0, 0.00 mm
2023-11-3, 1:46, 0, 0.00 mm
2023-11-3, 1:47, 0, 0.00 mm
2023-11-3, 1:48, 0, 0.00 mm
2023-11-3, 1:49, 0, 0.00 mm
2023-11-3, 1:50, 0, 0.00 mm
2023-11-3, 1:51, 0, 0.00 mm
2023-11-3, 1:52, 0, 0.00 mm
2023-11-3, 1:53, 0, 0.00 mm
2023-11-3, 1:54, 0, 0.00 mm
2023-11-3, 1:55, 0, 0.00 mm
2023-11-3, 1:56, 0, 0.00 mm
2023-11-3, 1:57, 0, 0.00 mm
2023-11-3, 1:58, 0, 0.00 mm
2023-11-3, 1:59, 0, 0.00 mm
2023-11-3, 2:0, 0, 0.00 mm
2023-11-3, 2:1, 0, 0.00 mm
2023-11-3, 2:2, 0, 0.00 mm
2023-11-3, 2:3, 0, 0.00 mm
2023-11-3, 2:4, 0, 0.00 mm
2023-11-3, 2:5, 0, 0.00 mm
2023-11-3, 2:6, 0, 0.00 mm
2023-11-3, 2:7, 0, 0.00 mm
2023-11-3, 2:8, 0, 0.00 mm
2023-11-3, 2:9, 0, 0.00 mm
2023-11-3, 2:10, 0, 0.00 mm
2023-11-3, 2:11, 0, 0.00 mm
2023-11-3, 2:12, 0, 0.00 mm
2023-11-3, 2:13, 0, 0.00 mm
2023-11-3, 2:14, 0, 0.00 mm
2023-11-3, 2:15, 0, 0.00 mm
2023-11-3, 2:16, 0, 0.00 mm
2023-11-3, 2:17, 0, 0.00 mm
2023-11-3, 2:18, 0, 0.00 mm
2023-11-3, 2:19, 0, 0.00 mm
2023-11-3, 2:20, 0, 0.00 mm
2023-11-3, 2:21, 0, 0.00 mm
2023-11-3, 2:22, 0, 0.00 mm
2023-11-3, 2:23, 0, 0.00 mm
2023-11-3, 2:24, 0, 0.00 mm
2023-11-3, 2:25, 0, 0.00 mm
2023-11-3, 2:26, 0, 0.00 mm
2023-11-3, 2:27, 0, 0.00 mm
2023-11-3, 2:28, 0, 0.00 mm
2023-11-3, 2:29, 0, 0.00 mm
2023-11-3, 2:30, 0, 0.00 mm
2023-11-3, 2:31, 0, 0.00 mm
2023-11-3, 2:32, 0, 0.00 mm
2023-11-3, 2:33, 0, 0.00 mm
2023-11-3, 2:34, 0, 0.00 mm
2023-11-3, 2:35, 0, 0.00 mm
2023-11-3, 2:36, 0, 0.00 mm
2023-11-3, 2:37, 0, 0.00 mm
2023-11-3, 2:38, 0, 0.00 mm
2023-11-3, 2:39, 0, 0.00 mm
2023-11-3, 2:40, 0, 0.00 mm
2023-11-3, 2:41, 0, 0.00 mm
2023-11-3, 2:42, 0, 0.00 mm
2023-11-3, 2:43, 0, 0.00 mm
2023-11-3, 2:44, 0, 0.00 mm
2023-11-3, 2:45, 0, 0.00 mm
2023-11-3, 2:46, 0, 0.00 mm
2023-11-3, 2:47, 0, 0.00 mm
2023-11-3, 2:48, 0, 0.00 mm
2023-11-3, 2:49, 0, 0.00 mm
2023-11-3, 2:50, 0, 0.00 mm
2023-11-3, 2:51, 0, 0.00 mm
2023-11-3, 2:52, 0, 0.00 mm
2023-11-3, 2:53, 0, 0.00 mm
2023-11-3, 2:54, 0, 0.00 mm
2023-11-3, 2:55, 0, 0.00 mm
2023-11-3, 2:56, 0, 0.00 mm
2023-11-3, 2:57, 0, 0.00 mm
2023-11-3, 2:58, 0, 0.00 mm
2023-11-3, 2:59, 0, 0.00 mm
2023-11-3, 3:0, 0, 0.00 mm
2023-11-3, 3:1, 0, 0.00 mm
2023-11-3, 3:2, 0, 0.00 mm
2023-11-3, 3:3, 0, 0.00 mm
2023-11-3, 3:4, 0, 0.00 mm
2023-11-3, 3:5, 0, 0.00 mm
2023-11-3, 3:6, 0, 0.00 mm
2023-11-3, 3:7, 0, 0.00 mm
2023-11-3, 3:8, 0, 0.00 mm
2023-11-3, 3:9, 0, 0.00 mm
2023-11-3, 3:10, 0, 0.00 mm
2023-11-3, 3:11, 0, 0.00 mm
2023-11-3, 3:12, 0, 0.00 mm
2023-11-3, 3:13, 0, 0.00 mm
2023-11-3, 3:14, 0, 0.00 mm
2023-11-3, 3:15, 0, 0.00 mm
2023-11-3, 3:16, 0, 0.00 mm
2023-11-3, 3:17, 0, 0.00 mm
2023-11-3, 3:18, 0, 0.00 mm
2023-11-3, 3:19, 0, 0.00 mm
2023-11-3, 3:20, 0, 0.00 mm
2023-11-3, 3:21, 0, 0.00 mm
2023-11-3, 3:22, 0, 0.00 mm
2023-11-3, 3:23, 0, 0.00 mm
2023-11-3, 3:24, 0, 0.00 mm
2023-11-3, 3:25, 0, 0.00 mm
2023-11-3, 3:26, 0, 0.00 mm
2023-11-3, 3:27, 0, 0.00 mm
2023-11-3, 3:28, 0, 0.00 mm
2023-11-3, 3:29, 0, 0.00 mm
2023-11-3, 3:30, 0, 0.00 mm
2023-11-3, 3:31, 0, 0.00 mm
2023-11-3, 3:32, 0, 0.00 mm
2023-11-3, 3:33, 0, 0.00 mm
2023-11-3, 3:34, 0, 0.00 mm
2023-11-3, 3:35, 0, 0.00 mm
2023-11-3, 3:36, 0, 0.00 mm
2023-11-3, 3:37, 0, 0.00 mm
2023-11-3, 3:38, 0, 0.00 mm
2023-11-3, 3:39, 0, 0.00 mm
2023-11-3, 3:40, 0, 0.00 mm
2023-11-3, 3:41, 0, 0.00 mm
2023-11-3, 3:42, 0, 0.00 mm
2023-11-3, 3:43, 0, 0.00 mm
2023-11-3, 3:44, 0, 0.00 mm
2023-11-3, 3:45, 0, 0.00 mm
2023-11-3, 3:46, 0, 0.00 mm
2023-11-3, 3:47, 0, 0.00 mm
2023-11-3, 3:48, 0, 0.00 mm
2023-11-3, 3:49, 0, 0.00 mm
2023-11-3, 3:50, 0, 0.00 mm
2023-11-3, 3:51, 0, 0.00 mm
2023-11-3, 3:52, 0, 0.00 mm
2023-11-3, 3:53, 0, 0.00 mm
2023-11-3, 3:54, 0, 0.00 mm
2023-11-3, 3:55, 0, 0.00 mm
2023-11-3, 3:56, 0, 0.00 mm
2023-11-3, 3:57, 0, 0.00 mm
2023-11-3, 3:58, 0, 0.00 mm
2023-11-3, 3:59, 0, 0.00 mm
2023-11-3, 4:0, 0, 0.00 mm
2023-11-3, 4:1, 0, 0.00 mm
2023-11-3, 4:2, 0, 0.00 mm
2023-11-3, 4:3, 0, 0.00 mm
2023-11-3, 4:4, 0, 0.00 mm
2023-11-3, 4:5, 0, 0.00 mm
2023-11-3, 4:6, 0, 0.00 mm
2023-11-3, 4:7, 0, 0.00 mm
2023-11-3, 4:8, 0, 0.00 mm
2023-11-3, 4:9, 0, 0.00 mm
2023-11-3, 4:10, 0, 0.00 mm
2023-11-3, 4:11, 0, 0.00 mm
2023-11-3, 4:12, 0, 0.00 mm
2023-11-3, 4:13, 0, 0.00 mm
2023-11-3, 4:14, 0, 0.00 mm
2023-11-3, 4:15, 0, 0.00 mm
2023-11-3, 4:16, 0, 0.00 mm
2023-11-3, 4:17, 0, 0.00 mm
2023-11-3, 4:18, 0, 0.00 mm
2023-11-3, 4:19, 0, 0.00 mm
2023-11-3, 4:20, 0, 0.00 mm
2023-11-3, 4:21, 0, 0.00 mm
2023-11-3, 4:22, 0, 0.00 mm
2023-11-3, 4:23, 0, 0.00 mm
2023-11-3, 4:24, 0, 0.00 mm
2023-11-3, 4:25, 0, 0.00 mm
2023-11-3, 4:26, 0, 0.00 mm
2023-11-3, 4:27, 0, 0.00 mm
2023-11-3, 4:28, 0, 0.00 mm
2023-11-3, 4:29, 0, 0.00 mm
2023-11-3, 4:30, 0, 0.00 mm
2023-11-3, 4:31, 0, 0.00 mm
2023-11-3, 4:32, 0, 0.00 mm
2023-11-3, 4:33, 0, 0.00 mm
2023-11-3, 4:34, 0, 0.00 mm
2023-11-3, 4:35, 0, 0.00 mm
2023-11-3, 4:36, 0, 0.00 mm
2023-11-3, 4:37, 0, 0.00 mm
2023-11-3, 4:38, 0, 0.00 mm
2023-11-3, 4:39, 0, 0.00 mm
2023-11-3, 4:40, 0, 0.00 mm
2023-11-3, 4:41, 0, 0.00 mm
2023-11-3, 4:42, 0, 0.00 mm
2023-11-3, 4:43, 0, 0.00 mm
2023-11-3, 4:44, 0, 0.00 mm
2023-11-3, 4:45, 0, 0.00 mm
2023-11-3, 4:46, 0, 0.00 mm
2023-11-3, 4:47, 0, 0.00 mm
2023-11-3, 4:48, 0, 0.00 mm
2023-11-3, 4:49, 0, 0.00 mm
2023-11-3, 4:50, 0, 0.00 mm
2023-11-3, 4:51, 0, 0.00 mm
2023-11-3, 4:52, 0, 0.00 mm
2023-11-3, 4:53, 0, 0.00 mm
2023-11-3, 4:54, 0, 0.00 mm
2023-11-3, 4:55, 0, 0.00 mm
2023-11-3, 4:56, 0, 0.00 mm
2023-11-3, 4:57, 0, 0.00 mm
2023-11-3, 4:58, 0, 0.00 mm
2023-11-3, 4:59, 0, 0.00 mm
2023-11-3, 5:0, 0, 0.00 mm
2023-11-3, 5:1, 0, 0.00 mm
2023-11-3, 5:2, 0, 0.00 mm
2023-11-3, 5:3, 0, 0.00 mm
2023-11-3, 5:4, 0, 0.00 mm
2023-11-3, 5:5, 0, 0.00 mm
2023-11-3, 5:6, 0, 0.00 mm
2023-11-3, 5:7, 0, 0.00 mm
2023-11-3, 5:8, 0, 0.00 mm
2023-11-3, 5:9, 0, 0.00 mm
2023-11-3, 5:10, 0, 0.00 mm
2023-11-3, 5:11, 0, 0.00 mm
2023-11-3, 5:12, 0, 0.00 mm
2023-11-3, 5:13, 0, 0.00 mm
2023-11-3, 5:14, 0, 0.00 mm
2023-11-3, 5:15, 0, 0.00 mm
2023-11-3, 5:16, 0, 0.00 mm
2023-11-3, 5:17, 0, 0.00 mm
2023-11-3, 5:18, 0, 0.00 mm
2023-11-3, 5:19, 0, 0.00 mm
2023-11-3, 5:20, 0, 0.00 mm
2023-11-3, 5:21, 0, 0.00 mm
2023-11-3, 5:22, 0, 0.00 mm
2023-11-3, 5:23, 0, 0.00 mm
2023-11-3, 5:24, 0, 0.00 mm
2023-11-3, 5:25, 0, 0.00 mm
2023-11-3, 5:26, 0, 0.00 mm
2023-11-3, 5:27, 0, 0.00 mm
2023-11-3, 5:28, 0, 0.00 mm
2023-11-3, 5:29, 0, 0.00 mm
2023-11-3, 5:30, 0, 0.00 mm
2023-11-3, 5:31, 0, 0.00 mm
2023-11-3, 5:32, 0, 0.00 mm
2023-11-3, 5:33, 0, 0.00 mm
2023-11-3, 5:34, 0, 0.00 mm
2023-11-3, 5:35, 0, 0.00 mm
2023-11-3, 5:36, 0, 0.00 mm
2023-11-3, 5:37, 0, 0.00 mm
2023-11-3, 5:38, 0, 0.00 mm
2023-11-3, 5:39, 0, 0.00 mm
2023-11-3, 5:40, 0, 0.00 mm
2023-11-3, 5:41, 0, 0.00 mm
2023-11-3, 5:42, 0, 0.00 mm
2023-11-3, 5:43, 0, 0.00 mm
2023-11-3, 5:44, 0, 0.00 mm
2023-11-3, 5:45, 0, 0.00 mm
2023-11-3, 5:46, 0, 0.00 mm
2023-11-3, 5:47, 0, 0.00 mm
2023-11-3, 5:48, 0, 0.00 mm
2023-11-3, 5:49, 0, 0.00 mm
2023-11-3, 5:50, 0, 0.00 mm
2023-11-3, 5:51, 0, 0.00 mm
2023-11-3, 5:52, 0, 0.00 mm
2023-11-3, 5:53, 0, 0.00 mm
2023-11-3, 5:54, 0, 0.00 mm
2023-11-3, 5:55, 0, 0.00 mm
2023-11-3, 5:56, 0, 0.00 mm
2023-11-3, 5:57, 0, 0.00 mm
2023-11-3, 5:58, 0, 0.00 mm
2023-11-3, 5:59, 0, 0.00 mm
2023-11-3, 6:0, 0, 0.00 mm
2023-11-3, 6:1, 0, 0.00 mm
2023-11-3, 6:2, 0, 0.00 mm
2023-11-3, 6:3, 0, 0.00 mm
2023-11-3, 6:4, 0, 0.00 mm
2023-11-3, 6:5, 0, 0.00 mm
2023-11-3, 6:6, 0, 0.00 mm
2023-11-3, 6:7, 0, 0.00 mm
2023-11-3, 6:8, 0, 0.00 mm
2023-11-3, 6:9, 0, 0.00 mm
2023-11-3, 6:10, 0, 0.00 mm
2023-11-3, 6:11, 0, 0.00 mm
2023-11-3, 6:12, 0, 0.00 mm
2023-11-3, 6:13, 0, 0.00 mm
2023-11-3, 6:14, 0, 0.00 mm
2023-11-3, 6:15, 0, 0.00 mm
2023-11-3, 6:16, 0, 0.00 mm
2023-11-3, 6:17, 0, 0.00 mm
2023-11-3, 6:18, 0, 0.00 mm
2023-11-3, 6:19, 0, 0.00 mm
2023-11-3, 6:20, 0, 0.00 mm
2023-11-3, 6:21, 0, 0.00 mm
2023-11-3, 6:22, 0, 0.00 mm
2023-11-3, 6:23, 0, 0.00 mm
2023-11-3, 6:24, 0, 0.00 mm
2023-11-3, 6:25, 0, 0.00 mm
2023-11-3, 6:26, 0, 0.00 mm
2023-11-3, 6:27, 0, 0.00 mm
2023-11-3, 6:28, 0, 0.00 mm
2023-11-3, 6:29, 0, 0.00 mm
2023-11-3, 6:30, 0, 0.00 mm
2023-11-3, 6:31, 0, 0.00 mm
2023-11-3, 6:32, 0, 0.00 mm
2023-11-3, 6:33, 0, 0.00 mm
2023-11-3, 6:34, 0, 0.00 mm
2023-11-3, 6:35, 0, 0.00 mm
2023-11-3, 6:36, 0, 0.00 mm
2023-11-3, 6:37, 0, 0.00 mm
2023-11-3, 6:38, 0, 0.00 mm
2023-11-3, 6:39, 0, 0.00 mm
2023-11-3, 6:40, 0, 0.00 mm
2023-11-3, 6:41, 0, 0.00 mm
2023-11-3, 6:42, 0, 0.00 mm
2023-11-3, 6:43, 0, 0.00 mm
2023-11-3, 6:44, 0, 0.00 mm
2023-11-3, 6:45, 0, 0.00 mm
2023-11-3, 6:46, 0, 0.00 mm
2023-11-3, 6:47, 0, 0.00 mm
2023-11-3, 6:48, 0, 0.00 mm
2023-11-3, 6:49, 0, 0.00 mm
2023-11-3, 6:50, 0, 0.00 mm
2023-11-3, 6:51, 0, 0.00 mm
2023-11-3, 6:52, 0, 0.00 mm
2023-11-3, 6:53, 0, 0.00 mm
2023-11-3, 6:54, 0, 0.00 mm
2023-11-3, 6:55, 0, 0.00 mm
2023-11-3, 6:56, 0, 0.00 mm
2023-11-3, 6:57, 0, 0.00 mm
2023-11-3, 6:58, 0, 0.00 mm
2023-11-3, 6:59, 0, 0.00 mm
2023-11-3, 7:0, 0, 0.00 mm
2023-11-3, 7:1, 0, 0.00 mm
2023-11-3, 7:2, 0, 0.00 mm
2023-11-3, 7:3, 0, 0.00 mm
2023-11-3, 7:4, 0, 0.00 mm
2023-11-3, 7:5, 0, 0.00 mm
2023-11-3, 7:6, 0, 0.00 mm
2023-11-3, 7:7, 0, 0.00 mm
2023-11-3, 7:8, 0, 0.00 mm
2023-11-3, 7:9, 0, 0.00 mm
2023-11-3, 7:10, 0, 0.00 mm
2023-11-3, 7:11, 0, 0.00 mm
2023-11-3, 7:12, 0, 0.00 mm
2023-11-3, 7:13, 0, 0.00 mm
2023-11-3, 7:14, 0, 0.00 mm
2023-11-3, 7:15, 0, 0.00 mm
2023-11-3, 7:16, 0, 0.00 mm
2023-11-3, 7:17, 0, 0.00 mm
2023-11-3, 7:18, 0, 0.00 mm
2023-11-3, 7:19, 0, 0.00 mm
2023-11-3, 7:20, 0, 0.00 mm
2023-11-3, 7:21, 0, 0.00 mm
2023-11-3, 7:22, 0, 0.00 mm
2023-11-3, 7:23, 0, 0.00 mm
2023-11-3, 7:24, 0, 0.00 mm
2023-11-3, 7:25, 0, 0.00 mm
2023-11-3, 7:26, 0, 0.00 mm
2023-11-3, 7:27, 0, 0.00 mm
2023-11-3, 7:28, 0, 0.00 mm
2023-11-3, 7:29, 0, 0.00 mm
2023-11-3, 7:30, 0, 0.00 mm
2023-11-3, 7:31, 0, 0.00 mm
2023-11-3, 7:32, 0, 0.00 mm
2023-11-3, 7:33, 0, 0.00 mm
2023-11-3, 7:34, 0, 0.00 mm
2023-11-3, 7:35, 0, 0.00 mm
2023-11-3, 7:36, 0, 0.00 mm
2023-11-3, 7:37, 0, 0.00 mm
2023-11-3, 7:38, 0, 0.00 mm
2023-11-3, 7:39, 0, 0.00 mm
2023-11-3, 7:40, 0, 0.00 mm
2023-11-3, 7:41, 0, 0.00 mm
2023-11-3, 7:42, 0, 0.00 mm
2023-11-3, 7:43, 0, 0.00 mm
2023-11-3, 7:44, 0, 0.00 mm
2023-11-3, 7:45, 0, 0.00 mm
2023-11-3, 7:46, 0, 0.00 mm
2023-11-3, 7:47, 0, 0.00 mm
2023-11-3, 7:48, 0, 0.00 mm
2023-11-3, 7:49, 0, 0.00 mm
2023-11-3, 7:50, 0, 0.00 mm
2023-11-3, 7:51, 0, 0.00 mm
2023-11-3, 7:52, 0, 0.00 mm
2023-11-3, 7:53, 0, 0.00 mm
2023-11-3, 7:54, 0, 0.00 mm
2023-11-3, 7:55, 0, 0.00 mm
2023-11-3, 7:56, 0, 0.00 mm
2023-11-3, 7:57, 0, 0.00 mm
2023-11-3, 7:58, 0, 0.00 mm
2023-11-3, 7:59, 0, 0.00 mm
2023-11-3, 8:0, 0, 0.00 mm
2023-11-3, 8:1, 0, 0.00 mm
2023-11-3, 8:2, 0, 0.00 mm
2023-11-3, 8:3, 0, 0.00 mm
2023-11-3, 8:4, 0, 0.00 mm
2023-11-3, 8:5, 0, 0.00 mm
2023-11-3, 8:6, 0, 0.00 mm
2023-11-3, 8:7, 0, 0.00 mm
2023-11-3, 8:8, 0, 0.00 mm
2023-11-3, 8:9, 0, 0.00 mm
2023-11-3, 8:10, 0, 0.00 mm
2023-11-3, 8:11, 0, 0.00 mm
2023-11-3, 8:12, 0, 0.00 mm
2023-11-3, 8:13, 0, 0.00 mm
2023-11-3, 8:14, 0, 0.00 mm
2023-11-3, 8:15, 0, 0.00 mm
2023-11-3, 8:16, 0, 0.00 mm
2023-11-3, 8:17, 0, 0.00 mm
2023-11-3, 8:18, 0, 0.00 mm
2023-11-3, 8:19, 0, 0.00 mm
2023-11-3, 8:20, 0, 0.00 mm
2023-11-3, 8:21, 0, 0.00 mm
2023-11-3, 8:22, 0, 0.00 mm
2023-11-3, 8:23, 0, 0.00 mm
2023-11-3, 8:24, 0, 0.00 mm
2023-11-3, 8:25, 0, 0.00 mm
2023-11-3, 8:26, 0, 0.00 mm
2023-11-3, 8:27, 0, 0.00 mm
2023-11-3, 8:28, 0, 0.00 mm
2023-11-3, 8:29, 0, 0.00 mm
2023-11-3, 8:30, 0, 0.00 mm
2023-11-3, 8:31, 0, 0.00 mm
2023-11-3, 8:32, 0, 0.00 mm
2023-11-3, 8:33, 0, 0.00 mm
2023-11-3, 8:34, 0, 0.00 mm
2023-11-3, 8:35, 0, 0.00 mm
2023-11-3, 8:36, 0, 0.00 mm
2023-11-3, 8:37, 0, 0.00 mm
2023-11-3, 8:38, 0, 0.00 mm
2023-11-3, 8:39, 0, 0.00 mm
2023-11-3, 8:40, 0, 0.00 mm
2023-11-3, 8:41, 0, 0.00 mm
2023-11-3, 8:42, 0, 0.00 mm
2023-11-3, 8:43, 0, 0.00 mm
2023-11-3, 8:44, 0, 0.00 mm
2023-11-3, 8:45, 0, 0.00 mm
2023-11-3, 8:46, 0, 0.00 mm
2023-11-3, 8:47, 0, 0.00 mm
2023-11-3, 8:48, 0, 0.00 mm
2023-11-3, 8:49, 0, 0.00 mm
2023-11-3, 8:50, 0, 0.00 mm
2023-11-3, 8:51, 0, 0.00 mm
2023-11-3, 8:52, 0, 0.00 mm
2023-11-3, 8:53, 0, 0.00 mm
2023-11-3, 8:54, 0, 0.00 mm
2023-11-3, 8:55, 0, 0.00 mm
2023-11-3, 8:56, 0, 0.00 mm
2023-11-3, 8:57, 0, 0.00 mm
2023-11-3, 8:58, 0, 0.00 mm
2023-11-3, 8:59, 0, 0.00 mm
2023-11-3, 9:0, 0, 0.00 mm
2023-11-3, 9:1, 0, 0.00 mm
2023-11-3, 9:2, 0, 0.00 mm
2023-11-3, 9:3, 0, 0.00 mm
2023-11-3, 9:4, 0, 0.00 mm
2023-11-3, 9:5, 0, 0.00 mm
2023-11-3, 9:6, 0, 0.00 mm
2023-11-3, 9:7, 0, 0.00 mm
2023-11-3, 9:8, 0, 0.00 mm
2023-11-3, 9:9, 0, 0.00 mm
2023-11-3, 9:10, 0, 0.00 mm
2023-11-3, 9:11, 0, 0.00 mm
2023-11-3, 9:12, 0, 0.00 mm
2023-11-3, 9:13, 0, 0.00 mm
2023-11-3, 9:14, 0, 0.00 mm
2023-11-3, 9:15, 0, 0.00 mm
2023-11-3, 9:16, 0, 0.00 mm
2023-11-3, 9:17, 0, 0.00 mm
2023-11-3, 9:18, 0, 0.00 mm
2023-11-3, 9:19, 0, 0.00 mm
2023-11-3, 9:20, 0, 0.00 mm
2023-11-3, 9:21, 0, 0.00 mm
2023-11-3, 9:22, 0, 0.00 mm
2023-11-3, 9:23, 0, 0.00 mm
2023-11-3, 9:24, 0, 0.00 mm
2023-11-3, 9:25, 0, 0.00 mm
2023-11-3, 9:26, 0, 0.00 mm
2023-11-3, 9:27, 0, 0.00 mm
2023-11-3, 9:28, 0, 0.00 mm
2023-11-3, 9:29, 0, 0.00 mm
2023-11-3, 9:30, 0, 0.00 mm
2023-11-3, 9:31, 0, 0.00 mm
2023-11-3, 9:32, 0, 0.00 mm
2023-11-3, 9:33, 0, 0.00 mm
2023-11-3, 9:34, 0, 0.00 mm
2023-11-3, 9:35, 0, 0.00 mm
2023-11-3, 9:36, 0, 0.00 mm
2023-11-3, 9:37, 0, 0.00 mm
2023-11-3, 9:38, 0, 0.00 mm
2023-11-3, 9:39, 0, 0.00 mm
2023-11-3, 9:40, 0, 0.00 mm
2023-11-3, 9:41, 0, 0.00 mm
2023-11-3, 9:42, 0, 0.00 mm
2023-11-3, 9:43, 0, 0.00 mm
2023-11-3, 9:44, 0, 0.00 mm
2023-11-3, 9:45, 0, 0.00 mm
2023-11-3, 9:46, 0, 0.00 mm
2023-11-3, 9:47, 0, 0.00 mm
2023-11-3, 9:48, 0, 0.00 mm
2023-11-3, 9:49, 0, 0.00 mm
2023-11-3, 9:50, 0, 0.00 mm
2023-11-3, 9:51, 0, 0.00 mm
2023-11-3, 9:52, 0, 0.00 mm
2023-11-3, 9:53, 0, 0.00 mm
2023-11-3, 9:54, 0, 0.00 mm
2023-11-3, 9:55, 0, 0.00 mm
2023-11-3, 9:56, 0, 0.00 mm
2023-11-3, 9:57, 0, 0.00 mm
2023-11-3, 9:58, 0, 0.00 mm
2023-11-3, 9:59, 0, 0.00 mm
2023-11-3, 10:0, 0, 0.00 mm
2023-11-3, 10:1, 0, 0.00 mm
2023-11-3, 10:2, 0, 0.00 mm
2023-11-3, 10:3, 0, 0.00 mm
2023-11-3, 10:4, 0, 0.00 mm
2023-11-3, 10:5, 0, 0.00 mm
2023-11-3, 10:6, 0, 0.00 mm
2023-11-3, 10:7, 0, 0.00 mm
2023-11-3, 10:8, 0, 0.00 mm
2023-11-3, 10:9, 0, 0.00 mm
2023-11-3, 10:10, 0, 0.00 mm
2023-11-3, 10:11, 0, 0.00 mm
2023-11-3, 10:12, 0, 0.00 mm
2023-11-3, 10:13, 0, 0.00 mm
2023-11-3, 10:14, 0, 0.00 mm
2023-11-3, 10:15, 0, 0.00 mm
2023-11-3, 10:16, 0, 0.00 mm
2023-11-3, 10:17, 0, 0.00 mm
2023-11-3, 10:18, 0, 0.00 mm
2023-11-3, 10:19, 0, 0.00 mm
2023-11-3, 10:20, 0, 0.00 mm
2023-11-3, 10:21, 0, 0.00 mm
2023-11-3, 10:22, 0, 0.00 mm
2023-11-3, 10:23, 0, 0.00 mm
2023-11-3, 10:24, 0, 0.00 mm
2023-11-3, 10:25, 0, 0.00 mm
2023-11-3, 10:26, 0, 0.00 mm
2023-11-3, 10:27, 0, 0.00 mm
2023-11-3, 10:28, 0, 0.00 mm
2023-11-3, 10:29, 0, 0.00 mm
2023-11-3, 10:30, 0, 0.00 mm
2023-11-3, 10:31, 0, 0.00 mm
2023-11-3, 10:32, 0, 0.00 mm
2023-11-3, 10:33, 0, 0.00 mm
2023-11-3, 10:34, 0, 0.00 mm
2023-11-3, 10:35, 0, 0.00 mm
2023-11-3, 10:36, 0, 0.00 mm
2023-11-3, 10:37, 0, 0.00 mm
2023-11-3, 10:38, 0, 0.00 mm
2023-11-3, 10:39, 0, 0.00 mm
2023-11-3, 10:40, 0, 0.00 mm
2023-11-3, 10:41, 0, 0.00 mm
2023-11-3, 10:42, 9, 1.80 mm
2023-11-3, 10:43, 1, 0.20 mm
2023-11-3, 10:44, 0, 0.00 mm
2023-11-3, 10:45, 0, 0.00 mm
2023-11-3, 10:46, 5, 1.00 mm
2023-11-3, 10:47, 3, 0.60 mm
2023-11-3, 10:48, 0, 0.00 mm
2023-11-3, 10:49, 0, 0.00 mm
2023-11-3, 10:50, 0, 0.00 mm
2023-11-3, 10:51, 0, 0.00 mm
2023-11-3, 10:52, 0, 0.00 mm
2023-11-3, 10:53, 0, 0.00 mm
2023-11-3, 10:54, 0, 0.00 mm
2023-11-3, 10:55, 0, 0.00 mm
2023-11-3, 10:56, 0, 0.00 mm
